"filename", "language", "Java", "JSON", "Log", "Markdown", "CSV", "CSS", "comment", "blank", "total"
"/Users/justusbrown/Desktop/ProjectEmeritus/ProjectEmeritus/2023-01-12-22-05.json", "JSON", 0, 1, 0, 0, 0, 0, 0, 0, 1
"/Users/justusbrown/Desktop/ProjectEmeritus/ProjectEmeritus/2023-01-12-22-09.json", "JSON", 0, 1, 0, 0, 0, 0, 0, 0, 1
"/Users/justusbrown/Desktop/ProjectEmeritus/ProjectEmeritus/2023-01-15-02-59.json", "JSON", 0, 1, 0, 0, 0, 0, 0, 0, 1
"/Users/justusbrown/Desktop/ProjectEmeritus/ProjectEmeritus/2023-06-26-00-18.json", "JSON", 0, 1, 0, 0, 0, 0, 0, 0, 1
"/Users/justusbrown/Desktop/ProjectEmeritus/ProjectEmeritus/ELoggerManager.log", "Log", 0, 0, 115, 0, 0, 0, 0, 1, 116
"/Users/justusbrown/Desktop/ProjectEmeritus/ProjectEmeritus/LoggerManager.log", "Log", 0, 0, 140, 0, 0, 0, 0, 1, 141
"/Users/justusbrown/Desktop/ProjectEmeritus/ProjectEmeritus/README.md", "Markdown", 0, 0, 0, 1, 0, 0, 0, 1, 2
"/Users/justusbrown/Desktop/ProjectEmeritus/ProjectEmeritus/res/abilities/abilities.csv", "CSV", 0, 0, 0, 0, 13, 0, 0, 0, 13
"/Users/justusbrown/Desktop/ProjectEmeritus/ProjectEmeritus/res/style/stylesheet.css", "CSS", 0, 0, 0, 0, 0, 74, 3, 17, 94
"/Users/justusbrown/Desktop/ProjectEmeritus/ProjectEmeritus/res/units/units.csv", "CSV", 0, 0, 0, 0, 7, 0, 0, 0, 7
"/Users/justusbrown/Desktop/ProjectEmeritus/ProjectEmeritus/src/Main.java", "Java", 24, 0, 0, 0, 0, 0, 2, 12, 38
"/Users/justusbrown/Desktop/ProjectEmeritus/ProjectEmeritus/src/constants/ColorPalette.java", "Java", 46, 0, 0, 0, 0, 0, 3, 13, 62
"/Users/justusbrown/Desktop/ProjectEmeritus/ProjectEmeritus/src/constants/Constants.java", "Java", 91, 0, 0, 0, 0, 0, 7, 20, 118
"/Users/justusbrown/Desktop/ProjectEmeritus/ProjectEmeritus/src/constants/GameConstants.java", "Java", 3, 0, 0, 0, 0, 0, 0, 2, 5
"/Users/justusbrown/Desktop/ProjectEmeritus/ProjectEmeritus/src/constants/GameStateKey.java", "Java", 15, 0, 0, 0, 0, 0, 0, 2, 17
"/Users/justusbrown/Desktop/ProjectEmeritus/ProjectEmeritus/src/designer/StatsPanel.java", "Java", 3, 0, 0, 0, 0, 0, 0, 2, 5
"/Users/justusbrown/Desktop/ProjectEmeritus/ProjectEmeritus/src/designer/TestFrame.java", "Java", 4, 0, 0, 0, 0, 0, 0, 4, 8
"/Users/justusbrown/Desktop/ProjectEmeritus/ProjectEmeritus/src/designer/fundamentals/Direction.java", "Java", 38, 0, 0, 0, 0, 0, 0, 11, 49
"/Users/justusbrown/Desktop/ProjectEmeritus/ProjectEmeritus/src/engine/Engine.java", "Java", 84, 0, 0, 0, 0, 0, 0, 11, 95
"/Users/justusbrown/Desktop/ProjectEmeritus/ProjectEmeritus/src/engine/EngineController.java", "Java", 12, 0, 0, 0, 0, 0, 0, 7, 19
"/Users/justusbrown/Desktop/ProjectEmeritus/ProjectEmeritus/src/engine/EngineModel.java", "Java", 14, 0, 0, 0, 0, 0, 0, 7, 21
"/Users/justusbrown/Desktop/ProjectEmeritus/ProjectEmeritus/src/engine/EngineView.java", "Java", 52, 0, 0, 0, 0, 0, 15, 13, 80
"/Users/justusbrown/Desktop/ProjectEmeritus/ProjectEmeritus/src/game/camera/Camera.java", "Java", 111, 0, 0, 0, 0, 0, 10, 24, 145
"/Users/justusbrown/Desktop/ProjectEmeritus/ProjectEmeritus/src/game/collectibles/Gem.java", "Java", 15, 0, 0, 0, 0, 0, 0, 3, 18
"/Users/justusbrown/Desktop/ProjectEmeritus/ProjectEmeritus/src/game/components/ActionManager.java", "Java", 14, 0, 0, 0, 0, 0, 0, 6, 20
"/Users/justusbrown/Desktop/ProjectEmeritus/ProjectEmeritus/src/game/components/Animation.java", "Java", 50, 0, 0, 0, 0, 0, 0, 7, 57
"/Users/justusbrown/Desktop/ProjectEmeritus/ProjectEmeritus/src/game/components/Combat.java", "Java", 8, 0, 0, 0, 0, 0, 0, 5, 13
"/Users/justusbrown/Desktop/ProjectEmeritus/ProjectEmeritus/src/game/components/Component.java", "Java", 9, 0, 0, 0, 0, 0, 0, 5, 14
"/Users/justusbrown/Desktop/ProjectEmeritus/ProjectEmeritus/src/game/components/Dimension.java", "Java", 20, 0, 0, 0, 0, 0, 0, 7, 27
"/Users/justusbrown/Desktop/ProjectEmeritus/ProjectEmeritus/src/game/components/Inventory.java", "Java", 47, 0, 0, 0, 0, 0, 2, 17, 66
"/Users/justusbrown/Desktop/ProjectEmeritus/ProjectEmeritus/src/game/components/MoveSet.java", "Java", 21, 0, 0, 0, 0, 0, 0, 10, 31
"/Users/justusbrown/Desktop/ProjectEmeritus/ProjectEmeritus/src/game/components/MovementManager.java", "Java", 28, 0, 0, 0, 0, 0, 0, 8, 36
"/Users/justusbrown/Desktop/ProjectEmeritus/ProjectEmeritus/src/game/components/MovementTrack.java", "Java", 99, 0, 0, 0, 0, 0, 0, 31, 130
"/Users/justusbrown/Desktop/ProjectEmeritus/ProjectEmeritus/src/game/components/NameTag.java", "Java", 8, 0, 0, 0, 0, 0, 0, 5, 13
"/Users/justusbrown/Desktop/ProjectEmeritus/ProjectEmeritus/src/game/components/OverlayAnimation.java", "Java", 7, 0, 0, 0, 0, 0, 0, 2, 9
"/Users/justusbrown/Desktop/ProjectEmeritus/ProjectEmeritus/src/game/components/SecondTimer.java", "Java", 6, 0, 0, 0, 0, 0, 0, 5, 11
"/Users/justusbrown/Desktop/ProjectEmeritus/ProjectEmeritus/src/game/components/StatusEffects.java", "Java", 8, 0, 0, 0, 0, 0, 0, 4, 12
"/Users/justusbrown/Desktop/ProjectEmeritus/ProjectEmeritus/src/game/components/Tile.java", "Java", 114, 0, 0, 0, 0, 0, 8, 23, 145
"/Users/justusbrown/Desktop/ProjectEmeritus/ProjectEmeritus/src/game/components/Types.java", "Java", 13, 0, 0, 0, 0, 0, 0, 4, 17
"/Users/justusbrown/Desktop/ProjectEmeritus/ProjectEmeritus/src/game/components/Vector.java", "Java", 66, 0, 0, 0, 0, 0, 0, 18, 84
"/Users/justusbrown/Desktop/ProjectEmeritus/ProjectEmeritus/src/game/components/behaviors/AiBehavior.java", "Java", 21, 0, 0, 0, 0, 0, 1, 6, 28
"/Users/justusbrown/Desktop/ProjectEmeritus/ProjectEmeritus/src/game/components/behaviors/Behavior.java", "Java", 7, 0, 0, 0, 0, 0, 0, 4, 11
"/Users/justusbrown/Desktop/ProjectEmeritus/ProjectEmeritus/src/game/components/behaviors/UserBehavior.java", "Java", 3, 0, 0, 0, 0, 0, 0, 3, 6
"/Users/justusbrown/Desktop/ProjectEmeritus/ProjectEmeritus/src/game/components/statistics/Energy.java", "Java", 3, 0, 0, 0, 0, 0, 0, 2, 5
"/Users/justusbrown/Desktop/ProjectEmeritus/ProjectEmeritus/src/game/components/statistics/Health.java", "Java", 3, 0, 0, 0, 0, 0, 0, 2, 5
"/Users/justusbrown/Desktop/ProjectEmeritus/ProjectEmeritus/src/game/components/statistics/Level.java", "Java", 19, 0, 0, 0, 0, 0, 0, 7, 26
"/Users/justusbrown/Desktop/ProjectEmeritus/ProjectEmeritus/src/game/components/statistics/Resource.java", "Java", 21, 0, 0, 0, 0, 0, 0, 8, 29
"/Users/justusbrown/Desktop/ProjectEmeritus/ProjectEmeritus/src/game/components/statistics/Stat.java", "Java", 20, 0, 0, 0, 0, 0, 0, 2, 22
"/Users/justusbrown/Desktop/ProjectEmeritus/ProjectEmeritus/src/game/components/statistics/StatusEffectManager.java", "Java", 9, 0, 0, 0, 0, 0, 0, 6, 15
"/Users/justusbrown/Desktop/ProjectEmeritus/ProjectEmeritus/src/game/components/statistics/Summary.java", "Java", 57, 0, 0, 0, 0, 0, 12, 21, 90
"/Users/justusbrown/Desktop/ProjectEmeritus/ProjectEmeritus/src/game/entity/Entity.java", "Java", 28, 0, 0, 0, 0, 0, 0, 10, 38
"/Users/justusbrown/Desktop/ProjectEmeritus/ProjectEmeritus/src/game/main/GameController.java", "Java", 33, 0, 0, 0, 0, 0, 1, 11, 45
"/Users/justusbrown/Desktop/ProjectEmeritus/ProjectEmeritus/src/game/main/GameModel.java", "Java", 113, 0, 0, 0, 0, 0, 18, 25, 156
"/Users/justusbrown/Desktop/ProjectEmeritus/ProjectEmeritus/src/game/main/GameView.java", "Java", 42, 0, 0, 0, 0, 0, 10, 9, 61
"/Users/justusbrown/Desktop/ProjectEmeritus/ProjectEmeritus/src/game/map/TileMap.java", "Java", 85, 0, 0, 0, 0, 0, 9, 18, 112
"/Users/justusbrown/Desktop/ProjectEmeritus/ProjectEmeritus/src/game/map/TileMapFactory.java", "Java", 85, 0, 0, 0, 0, 0, 0, 12, 97
"/Users/justusbrown/Desktop/ProjectEmeritus/ProjectEmeritus/src/game/map/generators/BorderedMapWithBorderedRoomsGenerator.java", "Java", 28, 0, 0, 0, 0, 0, 7, 17, 52
"/Users/justusbrown/Desktop/ProjectEmeritus/ProjectEmeritus/src/game/map/generators/HauberkDungeonGenerator.java", "Java", 224, 0, 0, 0, 0, 0, 40, 64, 328
"/Users/justusbrown/Desktop/ProjectEmeritus/ProjectEmeritus/src/game/map/generators/IndoorSquareRoomsGenerator.java", "Java", 38, 0, 0, 0, 0, 0, 3, 16, 57
"/Users/justusbrown/Desktop/ProjectEmeritus/ProjectEmeritus/src/game/map/generators/OpenMapGenerator.java", "Java", 27, 0, 0, 0, 0, 0, 11, 15, 53
"/Users/justusbrown/Desktop/ProjectEmeritus/ProjectEmeritus/src/game/map/generators/OpenMapWithBorderGenerator.java", "Java", 27, 0, 0, 0, 0, 0, 7, 17, 51
"/Users/justusbrown/Desktop/ProjectEmeritus/ProjectEmeritus/src/game/map/generators/OutdoorSquareRoomsGenerator.java", "Java", 29, 0, 0, 0, 0, 0, 4, 15, 48
"/Users/justusbrown/Desktop/ProjectEmeritus/ProjectEmeritus/src/game/map/generators/TileMapGenerator.java", "Java", 368, 0, 0, 0, 0, 0, 27, 80, 475
"/Users/justusbrown/Desktop/ProjectEmeritus/ProjectEmeritus/src/game/map/generators/validation/SchemaConfigs.java", "Java", 57, 0, 0, 0, 0, 0, 0, 7, 64
"/Users/justusbrown/Desktop/ProjectEmeritus/ProjectEmeritus/src/game/map/generators/validation/SchemaMap.java", "Java", 64, 0, 0, 0, 0, 0, 4, 11, 79
"/Users/justusbrown/Desktop/ProjectEmeritus/ProjectEmeritus/src/game/map/generators/validation/SchemaMapValidation.java", "Java", 86, 0, 0, 0, 0, 0, 10, 21, 117
"/Users/justusbrown/Desktop/ProjectEmeritus/ProjectEmeritus/src/game/pathfinding/TilePathing.java", "Java", 184, 0, 0, 0, 0, 0, 20, 42, 246
"/Users/justusbrown/Desktop/ProjectEmeritus/ProjectEmeritus/src/game/queue/RSLQueue.java", "Java", 87, 0, 0, 0, 0, 0, 2, 16, 105
"/Users/justusbrown/Desktop/ProjectEmeritus/ProjectEmeritus/src/game/queue/SpeedQueue.java", "Java", 61, 0, 0, 0, 0, 0, 2, 13, 76
"/Users/justusbrown/Desktop/ProjectEmeritus/ProjectEmeritus/src/game/stats/detail/Detail.java", "Java", 20, 0, 0, 0, 0, 0, 0, 7, 27
"/Users/justusbrown/Desktop/ProjectEmeritus/ProjectEmeritus/src/game/stats/node/ResourceNode.java", "Java", 15, 0, 0, 0, 0, 0, 0, 7, 22
"/Users/justusbrown/Desktop/ProjectEmeritus/ProjectEmeritus/src/game/stats/node/StatsNode.java", "Java", 77, 0, 0, 0, 0, 0, 3, 19, 99
"/Users/justusbrown/Desktop/ProjectEmeritus/ProjectEmeritus/src/game/stats/node/StatsNodeModification.java", "Java", 11, 0, 0, 0, 0, 0, 0, 5, 16
"/Users/justusbrown/Desktop/ProjectEmeritus/ProjectEmeritus/src/game/stats/node/StatsNode.java", "Java", 3, 0, 0, 0, 0, 0, 0, 2, 5
"/Users/justusbrown/Desktop/ProjectEmeritus/ProjectEmeritus/src/game/stats/node/StringNode.java", "Java", 13, 0, 0, 0, 0, 0, 0, 2, 15
"/Users/justusbrown/Desktop/ProjectEmeritus/ProjectEmeritus/src/game/stores/core/CsvReader.java", "Java", 41, 0, 0, 0, 0, 0, 1, 7, 49
"/Users/justusbrown/Desktop/ProjectEmeritus/ProjectEmeritus/src/game/stores/factories/ItemFactory.java", "Java", 29, 0, 0, 0, 0, 0, 0, 16, 45
"/Users/justusbrown/Desktop/ProjectEmeritus/ProjectEmeritus/src/game/stores/factories/TileFactory.java", "Java", 21, 0, 0, 0, 0, 0, 1, 8, 30
"/Users/justusbrown/Desktop/ProjectEmeritus/ProjectEmeritus/src/game/stores/factories/UnitFactory.java", "Java", 61, 0, 0, 0, 0, 0, 15, 20, 96
"/Users/justusbrown/Desktop/ProjectEmeritus/ProjectEmeritus/src/game/stores/pools/AssetPool.java", "Java", 159, 0, 0, 0, 0, 0, 26, 47, 232
"/Users/justusbrown/Desktop/ProjectEmeritus/ProjectEmeritus/src/game/stores/pools/FontPool.java", "Java", 43, 0, 0, 0, 0, 0, 1, 7, 51
"/Users/justusbrown/Desktop/ProjectEmeritus/ProjectEmeritus/src/game/stores/pools/ability/Ability.java", "Java", 158, 0, 0, 0, 0, 0, 10, 51, 219
"/Users/justusbrown/Desktop/ProjectEmeritus/ProjectEmeritus/src/game/stores/pools/ability/AbilityPool.java", "Java", 26, 0, 0, 0, 0, 0, 0, 10, 36
"/Users/justusbrown/Desktop/ProjectEmeritus/ProjectEmeritus/src/game/stores/pools/ability/AbilityScalar.java", "Java", 22, 0, 0, 0, 0, 0, 0, 10, 32
"/Users/justusbrown/Desktop/ProjectEmeritus/ProjectEmeritus/src/game/stores/pools/unit/Unit.java", "Java", 40, 0, 0, 0, 0, 0, 0, 7, 47
"/Users/justusbrown/Desktop/ProjectEmeritus/ProjectEmeritus/src/game/stores/pools/unit/UnitPool.java", "Java", 25, 0, 0, 0, 0, 0, 0, 11, 36
"/Users/justusbrown/Desktop/ProjectEmeritus/ProjectEmeritus/src/game/systems/CombatSystem.java", "Java", 305, 0, 0, 0, 0, 0, 112, 81, 498
"/Users/justusbrown/Desktop/ProjectEmeritus/ProjectEmeritus/src/game/systems/DebuggingSystem.java", "Java", 47, 0, 0, 0, 0, 0, 2, 10, 59
"/Users/justusbrown/Desktop/ProjectEmeritus/ProjectEmeritus/src/game/systems/FloatingTextSystem.java", "Java", 96, 0, 0, 0, 0, 0, 6, 17, 119
"/Users/justusbrown/Desktop/ProjectEmeritus/ProjectEmeritus/src/game/systems/GameSystem.java", "Java", 9, 0, 0, 0, 0, 0, 0, 4, 13
"/Users/justusbrown/Desktop/ProjectEmeritus/ProjectEmeritus/src/game/systems/GemSpawnerSystem.java", "Java", 40, 0, 0, 0, 0, 0, 0, 12, 52
"/Users/justusbrown/Desktop/ProjectEmeritus/ProjectEmeritus/src/game/systems/InputHandler.java", "Java", 84, 0, 0, 0, 0, 0, 15, 17, 116
"/Users/justusbrown/Desktop/ProjectEmeritus/ProjectEmeritus/src/game/systems/MoveActionSystem.java", "Java", 17, 0, 0, 0, 0, 0, 0, 6, 23
"/Users/justusbrown/Desktop/ProjectEmeritus/ProjectEmeritus/src/game/systems/OverlayAnimationSystem.java", "Java", 39, 0, 0, 0, 0, 0, 4, 7, 50
"/Users/justusbrown/Desktop/ProjectEmeritus/ProjectEmeritus/src/game/systems/SpriteAnimationSystem.java", "Java", 37, 0, 0, 0, 0, 0, 1, 5, 43
"/Users/justusbrown/Desktop/ProjectEmeritus/ProjectEmeritus/src/game/systems/StatusEffectSystem.java", "Java", 10, 0, 0, 0, 0, 0, 111, 7, 128
"/Users/justusbrown/Desktop/ProjectEmeritus/ProjectEmeritus/src/game/systems/UpdateSystem.java", "Java", 66, 0, 0, 0, 0, 0, 57, 21, 144
"/Users/justusbrown/Desktop/ProjectEmeritus/ProjectEmeritus/src/game/systems/actions/ActionHandler.java", "Java", 108, 0, 0, 0, 0, 0, 24, 25, 157
"/Users/justusbrown/Desktop/ProjectEmeritus/ProjectEmeritus/src/game/systems/actions/behaviors/AggressiveAttacker.java", "Java", 103, 0, 0, 0, 0, 0, 17, 32, 152
"/Users/justusbrown/Desktop/ProjectEmeritus/ProjectEmeritus/src/game/systems/actions/behaviors/Behavior.java", "Java", 8, 0, 0, 0, 0, 0, 0, 3, 11
"/Users/justusbrown/Desktop/ProjectEmeritus/ProjectEmeritus/src/game/systems/actions/behaviors/BehaviorUtils.java", "Java", 199, 0, 0, 0, 0, 0, 40, 65, 304
"/Users/justusbrown/Desktop/ProjectEmeritus/ProjectEmeritus/src/game/systems/actions/behaviors/Randomness.java", "Java", 17, 0, 0, 0, 0, 0, 1, 5, 23
"/Users/justusbrown/Desktop/ProjectEmeritus/ProjectEmeritus/src/game/systems/combat/CombatEvent.java", "Java", 16, 0, 0, 0, 0, 0, 0, 5, 21
"/Users/justusbrown/Desktop/ProjectEmeritus/ProjectEmeritus/src/game/systems/combat/DamageReport.java", "Java", 163, 0, 0, 0, 0, 0, 32, 46, 241
"/Users/justusbrown/Desktop/ProjectEmeritus/ProjectEmeritus/src/game/systems/texts/FloatingText.java", "Java", 34, 0, 0, 0, 0, 0, 0, 10, 44
"/Users/justusbrown/Desktop/ProjectEmeritus/ProjectEmeritus/src/graphics/JScene.java", "Java", 32, 0, 0, 0, 0, 0, 0, 11, 43
"/Users/justusbrown/Desktop/ProjectEmeritus/ProjectEmeritus/src/graphics/Spritemap.java", "Java", 54, 0, 0, 0, 0, 0, 2, 16, 72
"/Users/justusbrown/Desktop/ProjectEmeritus/ProjectEmeritus/src/graphics/Spritesheet.java", "Java", 64, 0, 0, 0, 0, 0, 1, 11, 76
"/Users/justusbrown/Desktop/ProjectEmeritus/ProjectEmeritus/src/graphics/temporary/JImage.java", "Java", 31, 0, 0, 0, 0, 0, 0, 7, 38
"/Users/justusbrown/Desktop/ProjectEmeritus/ProjectEmeritus/src/graphics/temporary/JImageLabel.java", "Java", 28, 0, 0, 0, 0, 0, 10, 8, 46
"/Users/justusbrown/Desktop/ProjectEmeritus/ProjectEmeritus/src/graphics/temporary/JKeyLabel.java", "Java", 28, 0, 0, 0, 0, 0, 0, 8, 36
"/Users/justusbrown/Desktop/ProjectEmeritus/ProjectEmeritus/src/graphics/temporary/JKeyValue.java", "Java", 15, 0, 0, 0, 0, 0, 0, 6, 21
"/Users/justusbrown/Desktop/ProjectEmeritus/ProjectEmeritus/src/input/InputController.java", "Java", 16, 0, 0, 0, 0, 0, 0, 2, 18
"/Users/justusbrown/Desktop/ProjectEmeritus/ProjectEmeritus/src/input/Keyboard.java", "Java", 38, 0, 0, 0, 0, 0, 3, 10, 51
"/Users/justusbrown/Desktop/ProjectEmeritus/ProjectEmeritus/src/input/Mouse.java", "Java", 90, 0, 0, 0, 0, 0, 1, 18, 109
"/Users/justusbrown/Desktop/ProjectEmeritus/ProjectEmeritus/src/logging/ELogger.java", "Java", 33, 0, 0, 0, 0, 0, 0, 12, 45
"/Users/justusbrown/Desktop/ProjectEmeritus/ProjectEmeritus/src/logging/ELoggerFactory.java", "Java", 10, 0, 0, 0, 0, 0, 0, 5, 15
"/Users/justusbrown/Desktop/ProjectEmeritus/ProjectEmeritus/src/logging/ELoggerManager.java", "Java", 60, 0, 0, 0, 0, 0, 0, 11, 71
"/Users/justusbrown/Desktop/ProjectEmeritus/ProjectEmeritus/src/ouput/JsonWriter.java", "Java", 29, 0, 0, 0, 0, 0, 2, 10, 41
"/Users/justusbrown/Desktop/ProjectEmeritus/ProjectEmeritus/src/ui/Application.java", "Java", 7, 0, 0, 0, 0, 0, 0, 4, 11
"/Users/justusbrown/Desktop/ProjectEmeritus/ProjectEmeritus/src/ui/GameState.java", "Java", 27, 0, 0, 0, 0, 0, 0, 6, 33
"/Users/justusbrown/Desktop/ProjectEmeritus/ProjectEmeritus/src/ui/panels/ActionPanel.java", "Java", 178, 0, 0, 0, 0, 0, 8, 38, 224
"/Users/justusbrown/Desktop/ProjectEmeritus/ProjectEmeritus/src/ui/panels/ControlPanel.java", "Java", 190, 0, 0, 0, 0, 0, 26, 48, 264
"/Users/justusbrown/Desktop/ProjectEmeritus/ProjectEmeritus/src/ui/panels/ControlPanelInnerTemplate.java", "Java", 50, 0, 0, 0, 0, 0, 0, 20, 70
"/Users/justusbrown/Desktop/ProjectEmeritus/ProjectEmeritus/src/ui/panels/EndTurnPanel.java", "Java", 96, 0, 0, 0, 0, 0, 3, 26, 125
"/Users/justusbrown/Desktop/ProjectEmeritus/ProjectEmeritus/src/ui/panels/GamePanel.java", "Java", 282, 0, 0, 0, 0, 0, 7, 48, 337
"/Users/justusbrown/Desktop/ProjectEmeritus/ProjectEmeritus/src/ui/panels/ImagePanel.java", "Java", 55, 0, 0, 0, 0, 0, 10, 20, 85
"/Users/justusbrown/Desktop/ProjectEmeritus/ProjectEmeritus/src/ui/panels/ItemsPanel.java", "Java", 41, 0, 0, 0, 0, 0, 7, 14, 62
"/Users/justusbrown/Desktop/ProjectEmeritus/ProjectEmeritus/src/ui/panels/LogPanel.java", "Java", 91, 0, 0, 0, 0, 0, 2, 21, 114
"/Users/justusbrown/Desktop/ProjectEmeritus/ProjectEmeritus/src/ui/panels/MovementPanel.java", "Java", 190, 0, 0, 0, 0, 0, 74, 59, 323
"/Users/justusbrown/Desktop/ProjectEmeritus/ProjectEmeritus/src/ui/panels/NullPanel.java", "Java", 12, 0, 0, 0, 0, 0, 0, 5, 17
"/Users/justusbrown/Desktop/ProjectEmeritus/ProjectEmeritus/src/ui/panels/SettingsPanel.java", "Java", 26, 0, 0, 0, 0, 0, 2, 11, 39
"/Users/justusbrown/Desktop/ProjectEmeritus/ProjectEmeritus/src/ui/panels/SummaryPanel.java", "Java", 198, 0, 0, 0, 0, 0, 1, 44, 243
"/Users/justusbrown/Desktop/ProjectEmeritus/ProjectEmeritus/src/ui/panels/TurnOrderPanel.java", "Java", 133, 0, 0, 0, 0, 0, 7, 24, 164
"/Users/justusbrown/Desktop/ProjectEmeritus/ProjectEmeritus/src/ui/presets/EditorScene.java", "Java", 31, 0, 0, 0, 0, 0, 20, 13, 64
"/Users/justusbrown/Desktop/ProjectEmeritus/ProjectEmeritus/src/ui/presets/ExitScene.java", "Java", 11, 0, 0, 0, 0, 0, 0, 4, 15
"/Users/justusbrown/Desktop/ProjectEmeritus/ProjectEmeritus/src/ui/presets/MenuScene.java", "Java", 55, 0, 0, 0, 0, 0, 36, 24, 115
"/Users/justusbrown/Desktop/ProjectEmeritus/ProjectEmeritus/src/ui/presets/SceneManager.java", "Java", 55, 0, 0, 0, 0, 0, 8, 23, 86
"/Users/justusbrown/Desktop/ProjectEmeritus/ProjectEmeritus/src/ui/screen/Ui.java", "Java", 7, 0, 0, 0, 0, 0, 151, 5, 163
"/Users/justusbrown/Desktop/ProjectEmeritus/ProjectEmeritus/src/ui/screen/editor/GameEditorMainPanel.java", "Java", 38, 0, 0, 0, 0, 0, 1, 11, 50
"/Users/justusbrown/Desktop/ProjectEmeritus/ProjectEmeritus/src/ui/screen/editor/GameEditorSidePanel.java", "Java", 202, 0, 0, 0, 0, 0, 148, 60, 410
"/Users/justusbrown/Desktop/ProjectEmeritus/ProjectEmeritus/src/ui/screen/editor/GameEditorSidePanelItem.java", "Java", 33, 0, 0, 0, 0, 0, 10, 9, 52
"/Users/justusbrown/Desktop/ProjectEmeritus/ProjectEmeritus/src/ui/screen/editor/GameEditorState.java", "Java", 166, 0, 0, 0, 0, 0, 95, 24, 285
"/Users/justusbrown/Desktop/ProjectEmeritus/ProjectEmeritus/src/ui/screen/editor/Size.java", "Java", 18, 0, 0, 0, 0, 0, 0, 6, 24
"/Users/justusbrown/Desktop/ProjectEmeritus/ProjectEmeritus/src/ui/screen/editor/map/EditorTile.java", "Java", 22, 0, 0, 0, 0, 0, 3, 8, 33
"/Users/justusbrown/Desktop/ProjectEmeritus/ProjectEmeritus/src/ui/subpanels/AbilityUiUtils.java", "Java", 57, 0, 0, 0, 0, 0, 0, 7, 64
"/Users/justusbrown/Desktop/ProjectEmeritus/ProjectEmeritus/src/utils/AnimationUtils.java", "Java", 47, 0, 0, 0, 0, 0, 0, 11, 58
"/Users/justusbrown/Desktop/ProjectEmeritus/ProjectEmeritus/src/utils/ComponentUtils.java", "Java", 119, 0, 0, 0, 0, 0, 33, 31, 183
"/Users/justusbrown/Desktop/ProjectEmeritus/ProjectEmeritus/src/utils/CsvParser.java", "Java", 68, 0, 0, 0, 0, 0, 18, 18, 104
"/Users/justusbrown/Desktop/ProjectEmeritus/ProjectEmeritus/src/utils/CsvParserUtil.java", "Java", 47, 0, 0, 0, 0, 0, 15, 4, 66
"/Users/justusbrown/Desktop/ProjectEmeritus/ProjectEmeritus/src/utils/EmeritusUtils.java", "Java", 34, 0, 0, 0, 0, 0, 2, 8, 44
"/Users/justusbrown/Desktop/ProjectEmeritus/ProjectEmeritus/src/utils/IOSanitizer.java", "Java", 36, 0, 0, 0, 0, 0, 0, 11, 47
"/Users/justusbrown/Desktop/ProjectEmeritus/ProjectEmeritus/src/utils/ImageUtils.java", "Java", 180, 0, 0, 0, 0, 0, 47, 31, 258
"/Users/justusbrown/Desktop/ProjectEmeritus/ProjectEmeritus/src/utils/IntegerUtils.java", "Java", 11, 0, 0, 0, 0, 0, 0, 2, 13
"/Users/justusbrown/Desktop/ProjectEmeritus/ProjectEmeritus/src/utils/MathUtils.java", "Java", 24, 0, 0, 0, 0, 0, 0, 8, 32
"/Users/justusbrown/Desktop/ProjectEmeritus/ProjectEmeritus/src/utils/NoiseGenerator.java", "Java", 135, 0, 0, 0, 0, 0, 30, 14, 179
"/Users/justusbrown/Desktop/ProjectEmeritus/ProjectEmeritus/src/utils/OpenSimplex2.java", "Java", 539, 0, 0, 0, 0, 0, 125, 90, 754
"/Users/justusbrown/Desktop/ProjectEmeritus/ProjectEmeritus/src/utils/RandomUtils.java", "Java", 39, 0, 0, 0, 0, 0, 0, 10, 49
"/Users/justusbrown/Desktop/ProjectEmeritus/ProjectEmeritus/src/utils/StringUtils.java", "Java", 76, 0, 0, 0, 0, 0, 10, 12, 98
"/Users/justusbrown/Desktop/ProjectEmeritus/ProjectEmeritus/src/utils/TileMapIO.java", "Java", 3, 0, 0, 0, 0, 0, 215, 3, 221
"Total", "-", 9178, 4, 255, 1, 20, 74, 1850, 2372, 13754